file,backend,precision,n_lines,n_nonempty_lines,n_qubits,n_qreg_declarations,n_classical_bits,n_measure,n_barrier,n_cx,n_cz,n_cp,n_cy,n_ch,n_swap,n_ccx,n_cswap,n_2q_gates,n_3q_gates,n_x,n_y,n_z,n_h,n_s,n_sdg,n_t,n_tdg,n_rx,n_ry,n_rz,n_u1,n_u2,n_u3,n_u,n_1q_gates,n_total_gates,n_unique_edges,n_edge_repetitions,max_qubit_degree,avg_qubit_degree,qubit_degree_std,n_connected_components,crude_depth,gates_per_layer_estimate,avg_gate_span,max_gate_span,std_gate_span,entanglement_pressure,midpoint_cut_crossings,has_qft_pattern,n_qft_like_gates,has_iqft_pattern,has_grover_pattern,has_variational_pattern,n_rotation_gates,has_ghz_pattern,n_custom_gates,n_opaque_gates,ratio_2q_gates,ratio_1q_gates,gates_per_qubit,2q_gates_per_qubit,1q_gates_per_qubit,circuit_density,max_fidelity_achieved,forward_shots,forward_peak_rss_mb,n_thresholds_tested,min_threshold,forward_runtime
ae_indep_qiskit_130.qasm,CPU,double,9167,9167,130,2,130,130,1,258,0,8256,0,0,0,0,0,8514,0,0,0,0,129,0,0,0,0,0,0,0,0,129,129,130,517,9031,129,129,129,1.9846153846153847,11.183081050191308,1,70.51538461538462,9.14694011126868,64.0,128,37.23797345005051,65.49230769230769,128,1,4428,0,0,0,0,0,0,0,0.9565217391304348,0.043478260869565216,68.46923076923076,65.49230769230769,2.976923076923077,0.007469099025769693,0.9999999993790272,10000,450.6484375,10,8,76.83209070000157
ae_indep_qiskit_20.qasm,CPU,double,312,312,20,2,20,20,1,38,0,171,0,0,0,0,0,209,0,0,0,0,19,0,0,0,0,0,0,0,0,19,19,20,77,286,19,19,19,1.9,3.9230090491866068,1,15.6,6.08974358974359,9.0,18,5.477225575051661,10.45,18,1,171,0,0,0,0,0,0,0,0.7857142857142857,0.21428571428571427,13.3,10.45,2.85,0.04262820512820513,0.9933106030039517,10000,426.69140625,3,1,7.064479499999834
ae_indep_qiskit_20.qasm,CPU,single,312,312,20,2,20,20,1,38,0,171,0,0,0,0,0,209,0,0,0,0,19,0,0,0,0,0,0,0,0,19,19,20,77,286,19,19,19,1.9,3.9230090491866068,1,15.6,6.08974358974359,9.0,18,5.477225575051661,10.45,18,1,171,0,0,0,0,0,0,0,0.7857142857142857,0.21428571428571427,13.3,10.45,2.85,0.04262820512820513,0.9933355399117253,10000,427.0,3,2,5.4808029000000715
ae_indep_qiskit_20.qasm,GPU,double,312,312,20,2,20,20,1,38,0,171,0,0,0,0,0,209,0,0,0,0,19,0,0,0,0,0,0,0,0,19,19,20,77,286,19,19,19,1.9,3.9230090491866068,1,15.6,6.08974358974359,9.0,18,5.477225575051661,10.45,18,1,171,0,0,0,0,0,0,0,0.7857142857142857,0.21428571428571427,13.3,10.45,2.85,0.04262820512820513,0.9933106318813488,10000,877.51953125,3,1,8.741223300000001
ae_indep_qiskit_20.qasm,GPU,single,312,312,20,2,20,20,1,38,0,171,0,0,0,0,0,209,0,0,0,0,19,0,0,0,0,0,0,0,0,19,19,20,77,286,19,19,19,1.9,3.9230090491866068,1,15.6,6.08974358974359,9.0,18,5.477225575051661,10.45,18,1,171,0,0,0,0,0,0,0,0.7857142857142857,0.21428571428571427,13.3,10.45,2.85,0.04262820512820513,0.9933391042535065,10000,511.078125,3,2,6.923386600000413
cutbell_n30_k6.qasm,CPU,double,46,46,30,1,30,30,0,6,0,0,0,0,0,0,0,6,0,0,0,0,6,0,0,0,0,0,0,0,0,0,0,0,6,12,6,0,1,1.0,0.0,6,1.5333333333333334,7.826086956521738,15.0,15,0.0,0.2,6,0,0,0,0,0,0,1,0,0,0.5,0.5,0.4,0.2,0.2,0.008695652173913044,1.0,10000,426.83984375,2,2,19.727006099999926
cutbell_n30_k6.qasm,CPU,single,46,46,30,1,30,30,0,6,0,0,0,0,0,0,0,6,0,0,0,0,6,0,0,0,0,0,0,0,0,0,0,0,6,12,6,0,1,1.0,0.0,6,1.5333333333333334,7.826086956521738,15.0,15,0.0,0.2,6,0,0,0,0,0,0,1,0,0,0.5,0.5,0.4,0.2,0.2,0.008695652173913044,0.9999992847443906,10000,426.5,2,2,6.355348400000139
cutbell_n30_k6.qasm,GPU,double,46,46,30,1,30,30,0,6,0,0,0,0,0,0,0,6,0,0,0,0,6,0,0,0,0,0,0,0,0,0,0,0,6,12,6,0,1,1.0,0.0,6,1.5333333333333334,7.826086956521738,15.0,15,0.0,0.2,6,0,0,0,0,0,0,1,0,0,0.5,0.5,0.4,0.2,0.2,0.008695652173913044,1.0000000000000027,10000,843.59765625,2,2,20.084437799999932
cutbell_n30_k6.qasm,GPU,single,46,46,30,1,30,30,0,6,0,0,0,0,0,0,0,6,0,0,0,0,6,0,0,0,0,0,0,0,0,0,0,0,6,12,6,0,1,1.0,0.0,6,1.5333333333333334,7.826086956521738,15.0,15,0.0,0.2,6,0,0,0,0,0,0,1,0,0,0.5,0.5,0.4,0.2,0.2,0.008695652173913044,1.0,10000,478.984375,2,2,6.362876700000015
dj_indep_qiskit_130.qasm,CPU,double,522,522,130,1,129,129,1,129,0,0,0,0,0,0,0,129,0,0,0,0,140,0,0,0,0,0,0,0,0,119,0,0,259,388,129,0,129,1.9846153846153847,11.183081050191308,1,4.015384615384615,96.62835249042146,65.0,129,37.23797345005051,0.9923076923076923,65,0,0,0,0,0,0,0,0,0,0.3324742268041237,0.6675257731958762,2.9846153846153847,0.9923076923076923,1.9923076923076923,0.0057176539935160624,0.9999999999905649,10000,428.2578125,1,1,2588.3113831
dj_indep_qiskit_130.qasm,CPU,single,522,522,130,1,129,129,1,129,0,0,0,0,0,0,0,129,0,0,0,0,140,0,0,0,0,0,0,0,0,119,0,0,259,388,129,0,129,1.9846153846153847,11.183081050191308,1,4.015384615384615,96.62835249042146,65.0,129,37.23797345005051,0.9923076923076923,65,0,0,0,0,0,0,0,0,0,0.3324742268041237,0.6675257731958762,2.9846153846153847,0.9923076923076923,1.9923076923076923,0.0057176539935160624,0.9999842644356818,10000,428.8125,1,1,435.80848079999987
dj_indep_qiskit_130.qasm,GPU,double,522,522,130,1,129,129,1,129,0,0,0,0,0,0,0,129,0,0,0,0,140,0,0,0,0,0,0,0,0,119,0,0,259,388,129,0,129,1.9846153846153847,11.183081050191308,1,4.015384615384615,96.62835249042146,65.0,129,37.23797345005051,0.9923076923076923,65,0,0,0,0,0,0,0,0,0,0.3324742268041237,0.6675257731958762,2.9846153846153847,0.9923076923076923,1.9923076923076923,0.0057176539935160624,1.0000000000005929,10000,849.078125,1,1,2473.6742729999996
dj_indep_qiskit_130.qasm,GPU,single,522,522,130,1,129,129,1,129,0,0,0,0,0,0,0,129,0,0,0,0,140,0,0,0,0,0,0,0,0,119,0,0,259,388,129,0,129,1.9846153846153847,11.183081050191308,1,4.015384615384615,96.62835249042146,65.0,129,37.23797345005051,0.9923076923076923,65,0,0,0,0,0,0,0,0,0,0.3324742268041237,0.6675257731958762,2.9846153846153847,0.9923076923076923,1.9923076923076923,0.0057176539935160624,0.9999924898638415,10000,483.234375,1,1,508.9860284000006
dj_indep_qiskit_15.qasm,CPU,double,62,62,15,1,14,14,1,14,0,0,0,0,0,0,0,14,0,0,0,0,10,0,0,0,0,0,0,0,0,19,0,0,29,43,14,0,14,1.8666666666666667,3.2427697352040816,1,4.133333333333334,10.403225806451612,7.5,14,4.031128874149275,0.9333333333333333,7,0,0,0,0,0,0,0,0,0,0.32558139534883723,0.6744186046511628,2.8666666666666667,0.9333333333333333,1.9333333333333333,0.046236559139784944,0.9999999999998832,10000,425.93359375,1,1,27.689442199999803
dj_indep_qiskit_15.qasm,CPU,single,62,62,15,1,14,14,1,14,0,0,0,0,0,0,0,14,0,0,0,0,10,0,0,0,0,0,0,0,0,19,0,0,29,43,14,0,14,1.8666666666666667,3.2427697352040816,1,4.133333333333334,10.403225806451612,7.5,14,4.031128874149275,0.9333333333333333,7,0,0,0,0,0,0,0,0,0,0.32558139534883723,0.6744186046511628,2.8666666666666667,0.9333333333333333,1.9333333333333333,0.046236559139784944,0.9999979734431044,10000,426.40625,1,1,5.834394200000133
dj_indep_qiskit_15.qasm,GPU,double,62,62,15,1,14,14,1,14,0,0,0,0,0,0,0,14,0,0,0,0,10,0,0,0,0,0,0,0,0,19,0,0,29,43,14,0,14,1.8666666666666667,3.2427697352040816,1,4.133333333333334,10.403225806451612,7.5,14,4.031128874149275,0.9333333333333333,7,0,0,0,0,0,0,0,0,0,0.32558139534883723,0.6744186046511628,2.8666666666666667,0.9333333333333333,1.9333333333333333,0.046236559139784944,1.0000000000000155,10000,847.10546875,1,1,27.383448000000044
dj_indep_qiskit_15.qasm,GPU,single,62,62,15,1,14,14,1,14,0,0,0,0,0,0,0,14,0,0,0,0,10,0,0,0,0,0,0,0,0,19,0,0,29,43,14,0,14,1.8666666666666667,3.2427697352040816,1,4.133333333333334,10.403225806451612,7.5,14,4.031128874149275,0.9333333333333333,7,0,0,0,0,0,0,0,0,0,0.32558139534883723,0.6744186046511628,2.8666666666666667,0.9333333333333333,1.9333333333333333,0.046236559139784944,0.9999984502799326,10000,480.73046875,1,1,6.379441999999926
dj_indep_qiskit_30.qasm,CPU,double,122,122,30,1,29,29,1,29,0,0,0,0,0,0,0,29,0,0,0,0,30,0,0,0,0,0,0,0,0,29,0,0,59,88,29,0,29,1.9333333333333333,5.026153819992203,1,4.066666666666666,21.639344262295083,15.0,29,8.366600265340756,0.9666666666666667,15,0,0,0,0,0,0,0,0,0,0.32954545454545453,0.6704545454545454,2.933333333333333,0.9666666666666667,1.9666666666666666,0.024043715846994537,0.9999999999995062,10000,426.12109375,1,1,140.22691629999986
dj_indep_qiskit_30.qasm,CPU,single,122,122,30,1,29,29,1,29,0,0,0,0,0,0,0,29,0,0,0,0,30,0,0,0,0,0,0,0,0,29,0,0,59,88,29,0,29,1.9333333333333333,5.026153819992203,1,4.066666666666666,21.639344262295083,15.0,29,8.366600265340756,0.9666666666666667,15,0,0,0,0,0,0,0,0,0,0.32954545454545453,0.6704545454545454,2.933333333333333,0.9666666666666667,1.9666666666666666,0.024043715846994537,0.9999961853063724,10000,426.25390625,1,1,22.73204769999984
dj_indep_qiskit_30.qasm,GPU,double,122,122,30,1,29,29,1,29,0,0,0,0,0,0,0,29,0,0,0,0,30,0,0,0,0,0,0,0,0,29,0,0,59,88,29,0,29,1.9333333333333333,5.026153819992203,1,4.066666666666666,21.639344262295083,15.0,29,8.366600265340756,0.9666666666666667,15,0,0,0,0,0,0,0,0,0,0.32954545454545453,0.6704545454545454,2.933333333333333,0.9666666666666667,1.9666666666666666,0.024043715846994537,1.0000000000000129,10000,847.02734375,1,1,124.94764359999999
dj_indep_qiskit_30.qasm,GPU,single,122,122,30,1,29,29,1,29,0,0,0,0,0,0,0,29,0,0,0,0,30,0,0,0,0,0,0,0,0,29,0,0,59,88,29,0,29,1.9333333333333333,5.026153819992203,1,4.066666666666666,21.639344262295083,15.0,29,8.366600265340756,0.9666666666666667,15,0,0,0,0,0,0,0,0,0,0.32954545454545453,0.6704545454545454,2.933333333333333,0.9666666666666667,1.9666666666666666,0.024043715846994537,0.9999983310715133,10000,481.5,1,1,23.175904299999956
ghz_indep_qiskit_100.qasm,CPU,double,205,205,100,1,100,100,1,99,0,0,0,0,0,0,0,99,0,0,0,0,1,0,0,0,0,0,0,0,0,0,0,0,1,100,99,0,2,1.98,0.13999999999999999,1,2.05,48.78048780487805,1.0,1,0.0,0.99,1,0,0,0,0,0,0,0,0,0,0.99,0.01,1.0,0.99,0.01,0.004878048780487805,1.0,10000,429.50390625,2,2,31.991855699999633
ghz_indep_qiskit_100.qasm,CPU,single,205,205,100,1,100,100,1,99,0,0,0,0,0,0,0,99,0,0,0,0,1,0,0,0,0,0,0,0,0,0,0,0,1,100,99,0,2,1.98,0.13999999999999999,1,2.05,48.78048780487805,1.0,1,0.0,0.99,1,0,0,0,0,0,0,0,0,0,0.99,0.01,1.0,0.99,0.01,0.004878048780487805,0.9999997615814351,10000,428.5,2,2,27.375924699999814
ghz_indep_qiskit_100.qasm,GPU,double,205,205,100,1,100,100,1,99,0,0,0,0,0,0,0,99,0,0,0,0,1,0,0,0,0,0,0,0,0,0,0,0,1,100,99,0,2,1.98,0.13999999999999999,1,2.05,48.78048780487805,1.0,1,0.0,0.99,1,0,0,0,0,0,0,0,0,0,0.99,0.01,1.0,0.99,0.01,0.004878048780487805,1.0,10000,860.45703125,2,2,34.74685490000002
ghz_indep_qiskit_100.qasm,GPU,single,205,205,100,1,100,100,1,99,0,0,0,0,0,0,0,99,0,0,0,0,1,0,0,0,0,0,0,0,0,0,0,0,1,100,99,0,2,1.98,0.13999999999999999,1,2.05,48.78048780487805,1.0,1,0.0,0.99,1,0,0,0,0,0,0,0,0,0,0.99,0.01,1.0,0.99,0.01,0.004878048780487805,0.999999880790714,10000,492.625,2,2,28.816308299999946
ghz_indep_qiskit_130.qasm,CPU,double,265,265,130,1,130,130,1,129,0,0,0,0,0,0,0,129,0,0,0,0,1,0,0,0,0,0,0,0,0,0,0,0,1,130,129,0,2,1.9846153846153847,0.12307692307692308,1,2.0384615384615383,63.77358490566038,1.0,1,0.0,0.9923076923076923,1,0,0,0,0,0,0,0,0,0,0.9923076923076923,0.007692307692307693,1.0,0.9923076923076923,0.007692307692307693,0.0037735849056603774,1.0,10000,430.04296875,2,2,41.90187470000001
ghz_indep_qiskit_130.qasm,CPU,single,265,265,130,1,130,130,1,129,0,0,0,0,0,0,0,129,0,0,0,0,1,0,0,0,0,0,0,0,0,0,0,0,1,130,129,0,2,1.9846153846153847,0.12307692307692308,1,2.0384615384615383,63.77358490566038,1.0,1,0.0,0.9923076923076923,1,0,0,0,0,0,0,0,0,0,0.9923076923076923,0.007692307692307693,1.0,0.9923076923076923,0.007692307692307693,0.0037735849056603774,0.9999997615814351,10000,429.60546875,2,2,35.55706049999981
ghz_indep_qiskit_130.qasm,GPU,double,265,265,130,1,130,130,1,129,0,0,0,0,0,0,0,129,0,0,0,0,1,0,0,0,0,0,0,0,0,0,0,0,1,130,129,0,2,1.9846153846153847,0.12307692307692308,1,2.0384615384615383,63.77358490566038,1.0,1,0.0,0.9923076923076923,1,0,0,0,0,0,0,0,0,0,0.9923076923076923,0.007692307692307693,1.0,0.9923076923076923,0.007692307692307693,0.0037735849056603774,1.0,10000,860.41796875,2,2,42.411199099999976
ghz_indep_qiskit_130.qasm,GPU,single,265,265,130,1,130,130,1,129,0,0,0,0,0,0,0,129,0,0,0,0,1,0,0,0,0,0,0,0,0,0,0,0,1,130,129,0,2,1.9846153846153847,0.12307692307692308,1,2.0384615384615383,63.77358490566038,1.0,1,0.0,0.9923076923076923,1,0,0,0,0,0,0,0,0,0,0.9923076923076923,0.007692307692307693,1.0,0.9923076923076923,0.007692307692307693,0.0037735849056603774,0.999999880790714,10000,494.92578125,2,2,35.91593550000016
ghz_indep_qiskit_15.qasm,CPU,double,35,35,15,1,15,15,1,14,0,0,0,0,0,0,0,14,0,0,0,0,1,0,0,0,0,0,0,0,0,0,0,0,1,15,14,0,2,1.8666666666666667,0.33993463423951903,1,2.3333333333333335,6.428571428571428,1.0,1,0.0,0.9333333333333333,1,0,0,0,0,0,0,1,0,0,0.9333333333333333,0.06666666666666667,1.0,0.9333333333333333,0.06666666666666667,0.02857142857142857,1.0,10000,426.21484375,2,2,4.587869800000135
ghz_indep_qiskit_15.qasm,CPU,single,35,35,15,1,15,15,1,14,0,0,0,0,0,0,0,14,0,0,0,0,1,0,0,0,0,0,0,0,0,0,0,0,1,15,14,0,2,1.8666666666666667,0.33993463423951903,1,2.3333333333333335,6.428571428571428,1.0,1,0.0,0.9333333333333333,1,0,0,0,0,0,0,1,0,0,0.9333333333333333,0.06666666666666667,1.0,0.9333333333333333,0.06666666666666667,0.02857142857142857,0.9999997615814351,10000,426.08203125,2,2,4.049046599999883
ghz_indep_qiskit_15.qasm,GPU,double,35,35,15,1,15,15,1,14,0,0,0,0,0,0,0,14,0,0,0,0,1,0,0,0,0,0,0,0,0,0,0,0,1,15,14,0,2,1.8666666666666667,0.33993463423951903,1,2.3333333333333335,6.428571428571428,1.0,1,0.0,0.9333333333333333,1,0,0,0,0,0,0,1,0,0,0.9333333333333333,0.06666666666666667,1.0,0.9333333333333333,0.06666666666666667,0.02857142857142857,1.0,10000,857.19921875,2,2,4.6660391999998865
ghz_indep_qiskit_15.qasm,GPU,single,35,35,15,1,15,15,1,14,0,0,0,0,0,0,0,14,0,0,0,0,1,0,0,0,0,0,0,0,0,0,0,0,1,15,14,0,2,1.8666666666666667,0.33993463423951903,1,2.3333333333333335,6.428571428571428,1.0,1,0.0,0.9333333333333333,1,0,0,0,0,0,0,1,0,0,0.9333333333333333,0.06666666666666667,1.0,0.9333333333333333,0.06666666666666667,0.02857142857142857,0.999999880790714,10000,489.56640625,2,2,4.037961699999869
ghz_indep_qiskit_30.qasm,CPU,double,65,65,30,1,30,30,1,29,0,0,0,0,0,0,0,29,0,0,0,0,1,0,0,0,0,0,0,0,0,0,0,0,1,30,29,0,2,1.9333333333333333,0.24944382578492943,1,2.1666666666666665,13.846153846153847,1.0,1,0.0,0.9666666666666667,1,0,0,0,0,0,0,0,0,0,0.9666666666666667,0.03333333333333333,1.0,0.9666666666666667,0.03333333333333333,0.015384615384615385,1.0,10000,427.03125,2,2,9.886934099999962
ghz_indep_qiskit_30.qasm,CPU,single,65,65,30,1,30,30,1,29,0,0,0,0,0,0,0,29,0,0,0,0,1,0,0,0,0,0,0,0,0,0,0,0,1,30,29,0,2,1.9333333333333333,0.24944382578492943,1,2.1666666666666665,13.846153846153847,1.0,1,0.0,0.9666666666666667,1,0,0,0,0,0,0,0,0,0,0.9666666666666667,0.03333333333333333,1.0,0.9666666666666667,0.03333333333333333,0.015384615384615385,0.9999997615814351,10000,426.84375,2,2,8.152040200000101
ghz_indep_qiskit_30.qasm,GPU,double,65,65,30,1,30,30,1,29,0,0,0,0,0,0,0,29,0,0,0,0,1,0,0,0,0,0,0,0,0,0,0,0,1,30,29,0,2,1.9333333333333333,0.24944382578492943,1,2.1666666666666665,13.846153846153847,1.0,1,0.0,0.9666666666666667,1,0,0,0,0,0,0,0,0,0,0.9666666666666667,0.03333333333333333,1.0,0.9666666666666667,0.03333333333333333,0.015384615384615385,1.0,10000,857.734375,2,2,9.580995499999972
ghz_indep_qiskit_30.qasm,GPU,single,65,65,30,1,30,30,1,29,0,0,0,0,0,0,0,29,0,0,0,0,1,0,0,0,0,0,0,0,0,0,0,0,1,30,29,0,2,1.9333333333333333,0.24944382578492943,1,2.1666666666666665,13.846153846153847,1.0,1,0.0,0.9666666666666667,1,0,0,0,0,0,0,0,0,0,0.9666666666666667,0.03333333333333333,1.0,0.9666666666666667,0.03333333333333333,0.015384615384615385,0.999999880790714,10000,491.2734375,2,2,8.169279399999823
graphstate_indep_qiskit_15.qasm,CPU,single,50,50,15,1,15,15,1,0,15,0,0,0,0,0,0,15,0,0,0,0,15,0,0,0,0,0,0,0,0,0,0,0,15,30,15,0,2,2.0,0.0,2,3.3333333333333335,9.0,3.6,11,3.479463560186637,1.0,6,0,0,0,0,0,0,0,0,0,0.5,0.5,2.0,1.0,1.0,0.04,0.9999991655351472,10000,432.2734375,8,4,6.154954899999893
graphstate_indep_qiskit_15.qasm,GPU,double,50,50,15,1,15,15,1,0,15,0,0,0,0,0,0,15,0,0,0,0,15,0,0,0,0,0,0,0,0,0,0,0,15,30,15,0,2,2.0,0.0,2,3.3333333333333335,9.0,3.6,11,3.479463560186637,1.0,6,0,0,0,0,0,0,0,0,0,0.5,0.5,2.0,1.0,1.0,0.04,1.0000000000000027,10000,873.40625,3,4,17.49349589999997
graphstate_indep_qiskit_15.qasm,GPU,single,50,50,15,1,15,15,1,0,15,0,0,0,0,0,0,15,0,0,0,0,15,0,0,0,0,0,0,0,0,0,0,0,15,30,15,0,2,2.0,0.0,2,3.3333333333333335,9.0,3.6,11,3.479463560186637,1.0,6,0,0,0,0,0,0,0,0,0,0.5,0.5,2.0,1.0,1.0,0.04,0.9999997615814351,10000,508.890625,3,4,6.3882796999998845
groundstate_large_indep_qiskit_14.qasm,CPU,double,243,243,14,1,14,14,1,0,182,0,0,0,0,0,0,182,0,0,0,0,0,0,0,0,0,0,0,0,0,42,0,0,42,224,91,91,13,13.0,0.0,1,17.357142857142858,12.905349794238683,5.0,13,3.1622776601683795,13.0,98,0,0,0,0,0,0,0,0,0,0.8125,0.1875,16.0,13.0,3.0,0.06584362139917696,1.000000000002697,10000,426.4375,4,8,24.401681600000302
groundstate_large_indep_qiskit_14.qasm,CPU,single,243,243,14,1,14,14,1,0,182,0,0,0,0,0,0,182,0,0,0,0,0,0,0,0,0,0,0,0,0,42,0,0,42,224,91,91,13,13.0,0.0,1,17.357142857142858,12.905349794238683,5.0,13,3.1622776601683795,13.0,98,0,0,0,0,0,0,0,0,0,0.8125,0.1875,16.0,13.0,3.0,0.06584362139917696,0.9997676746156348,10000,425.87890625,4,8,8.345107699999971
groundstate_large_indep_qiskit_14.qasm,GPU,double,243,243,14,1,14,14,1,0,182,0,0,0,0,0,0,182,0,0,0,0,0,0,0,0,0,0,0,0,0,42,0,0,42,224,91,91,13,13.0,0.0,1,17.357142857142858,12.905349794238683,5.0,13,3.1622776601683795,13.0,98,0,0,0,0,0,0,0,0,0,0.8125,0.1875,16.0,13.0,3.0,0.06584362139917696,1.0000000000002176,10000,876.78515625,4,8,28.208706599999914
groundstate_large_indep_qiskit_14.qasm,GPU,single,243,243,14,1,14,14,1,0,182,0,0,0,0,0,0,182,0,0,0,0,0,0,0,0,0,0,0,0,0,42,0,0,42,224,91,91,13,13.0,0.0,1,17.357142857142858,12.905349794238683,5.0,13,3.1622776601683795,13.0,98,0,0,0,0,0,0,0,0,0,0.8125,0.1875,16.0,13.0,3.0,0.06584362139917696,0.9999998807914314,10000,509.984375,4,8,9.904581600000256
grover-noancilla_indep_qiskit_11.qasm,CPU,double,77178,77178,11,2,11,11,1,38300,0,25575,0,0,0,0,0,63875,0,1,0,0,10,0,0,0,0,0,0,0,0,500,0,0,511,64386,45,38255,9,9.0,0.0,1,7016.181818181818,5.531641141257872,6.711488250652741,9,1.925247569240009,5806.818181818182,35700,1,25575,0,0,0,0,0,0,0,0.9920634920634921,0.007936507936507936,5853.272727272727,5806.818181818182,46.45454545454545,0.07584120769225333,0.999999999989406,10000,512.44140625,1,1,13.902692500007106
grover-noancilla_indep_qiskit_11.qasm,CPU,single,77178,77178,11,2,11,11,1,38300,0,25575,0,0,0,0,0,63875,0,1,0,0,10,0,0,0,0,0,0,0,0,500,0,0,511,64386,45,38255,9,9.0,0.0,1,7016.181818181818,5.531641141257872,6.711488250652741,9,1.925247569240009,5806.818181818182,35700,1,25575,0,0,0,0,0,0,0,0.9920634920634921,0.007936507936507936,5853.272727272727,5806.818181818182,46.45454545454545,0.07584120769225333,0.9999979740198364,10000,503.83984375,1,1,3.807836399995722
grover-noancilla_indep_qiskit_11.qasm,GPU,double,77178,77178,11,2,11,11,1,38300,0,25575,0,0,0,0,0,63875,0,1,0,0,10,0,0,0,0,0,0,0,0,500,0,0,511,64386,45,38255,9,9.0,0.0,1,7016.181818181818,5.531641141257872,6.711488250652741,9,1.925247569240009,5806.818181818182,35700,1,25575,0,0,0,0,0,0,0,0.9920634920634921,0.007936507936507936,5853.272727272727,5806.818181818182,46.45454545454545,0.07584120769225333,0.9999999999894038,10000,1059.58203125,1,1,219.18694230000256
grover-noancilla_indep_qiskit_11.qasm,GPU,single,77178,77178,11,2,11,11,1,38300,0,25575,0,0,0,0,0,63875,0,1,0,0,10,0,0,0,0,0,0,0,0,500,0,0,511,64386,45,38255,9,9.0,0.0,1,7016.181818181818,5.531641141257872,6.711488250652741,9,1.925247569240009,5806.818181818182,35700,1,25575,0,0,0,0,0,0,0,0.9920634920634921,0.007936507936507936,5853.272727272727,5806.818181818182,46.45454545454545,0.07584120769225333,0.9999979792954881,10000,682.39453125,1,1,195.96384569999645
grover-noancilla_indep_qiskit_7.qasm,CPU,double,1208,1208,7,2,7,7,1,552,0,378,0,0,0,0,0,930,0,1,0,0,6,0,0,0,0,0,0,0,0,72,0,0,79,1009,15,537,5,5.0,0.0,1,172.57142857142858,3.6564569536423837,3.0652173913043477,5,1.373699763302572,132.85714285714286,432,1,378,0,0,0,0,0,0,0,0.9217046580773043,0.07829534192269574,144.14285714285714,132.85714285714286,11.285714285714286,0.11932355723746452,0.9999259868410404,10000,426.83984375,1,1,3.5556185000004916
grover-noancilla_indep_qiskit_7.qasm,CPU,single,1208,1208,7,2,7,7,1,552,0,378,0,0,0,0,0,930,0,1,0,0,6,0,0,0,0,0,0,0,0,72,0,0,79,1009,15,537,5,5.0,0.0,1,172.57142857142858,3.6564569536423837,3.0652173913043477,5,1.373699763302572,132.85714285714286,432,1,378,0,0,0,0,0,0,0,0.9217046580773043,0.07829534192269574,144.14285714285714,132.85714285714286,11.285714285714286,0.11932355723746452,0.9999263300162953,10000,425.890625,1,1,1.138716999999815
grover-noancilla_indep_qiskit_7.qasm,GPU,double,1208,1208,7,2,7,7,1,552,0,378,0,0,0,0,0,930,0,1,0,0,6,0,0,0,0,0,0,0,0,72,0,0,79,1009,15,537,5,5.0,0.0,1,172.57142857142858,3.6564569536423837,3.0652173913043477,5,1.373699763302572,132.85714285714286,432,1,378,0,0,0,0,0,0,0,0.9217046580773043,0.07829534192269574,144.14285714285714,132.85714285714286,11.285714285714286,0.11932355723746452,0.9999259868410408,10000,849.9296875,1,1,6.513870099999622
grover-noancilla_indep_qiskit_7.qasm,GPU,single,1208,1208,7,2,7,7,1,552,0,378,0,0,0,0,0,930,0,1,0,0,6,0,0,0,0,0,0,0,0,72,0,0,79,1009,15,537,5,5.0,0.0,1,172.57142857142858,3.6564569536423837,3.0652173913043477,5,1.373699763302572,132.85714285714286,432,1,378,0,0,0,0,0,0,0,0.9217046580773043,0.07829534192269574,144.14285714285714,132.85714285714286,11.285714285714286,0.11932355723746452,0.9999260916106543,10000,483.78125,1,1,3.7843482999996922
grover-v-chain_indep_qiskit_17.qasm,CPU,double,52034,52034,17,2,17,17,1,25550,0,25575,0,0,0,25,0,51125,25,1,0,0,10,0,0,0,0,0,0,0,50,450,0,0,511,51661,53,25872,10,6.117647058823529,4.296131679178874,1,3060.823529411765,8.514375216204789,7.035679845708775,9,1.8990125449332003,3007.3529411764707,19475,1,25575,0,0,0,0,0,0,0,0.9901038035479123,0.009896196452087691,3037.4117647058824,3007.3529411764707,30.058823529411764,0.05837359735376643,0.9999999997440425,10000,487.92578125,1,1,16.064750099991215
grover-v-chain_indep_qiskit_17.qasm,CPU,single,52034,52034,17,2,17,17,1,25550,0,25575,0,0,0,25,0,51125,25,1,0,0,10,0,0,0,0,0,0,0,50,450,0,0,511,51661,53,25872,10,6.117647058823529,4.296131679178874,1,3060.823529411765,8.514375216204789,7.035679845708775,9,1.8990125449332003,3007.3529411764707,19475,1,25575,0,0,0,0,0,0,0,0.9901038035479123,0.009896196452087691,3037.4117647058824,3007.3529411764707,30.058823529411764,0.05837359735376643,0.9999984570622278,10000,482.98828125,1,1,4.268532999994932
grover-v-chain_indep_qiskit_17.qasm,GPU,double,52034,52034,17,2,17,17,1,25550,0,25575,0,0,0,25,0,51125,25,1,0,0,10,0,0,0,0,0,0,0,50,450,0,0,511,51661,53,25872,10,6.117647058823529,4.296131679178874,1,3060.823529411765,8.514375216204789,7.035679845708775,9,1.8990125449332003,3007.3529411764707,19475,1,25575,0,0,0,0,0,0,0,0.9901038035479123,0.009896196452087691,3037.4117647058824,3007.3529411764707,30.058823529411764,0.05837359735376643,0.9999999997440454,10000,1034.76953125,1,1,166.0510912000027
grover-v-chain_indep_qiskit_17.qasm,GPU,single,52034,52034,17,2,17,17,1,25550,0,25575,0,0,0,25,0,51125,25,1,0,0,10,0,0,0,0,0,0,0,50,450,0,0,511,51661,53,25872,10,6.117647058823529,4.296131679178874,1,3060.823529411765,8.514375216204789,7.035679845708775,9,1.8990125449332003,3007.3529411764707,19475,1,25575,0,0,0,0,0,0,0,0.9901038035479123,0.009896196452087691,3037.4117647058824,3007.3529411764707,30.058823529411764,0.05837359735376643,0.9999992938587561,10000,661.18359375,1,1,147.7327621000004
grover-v-chain_indep_qiskit_7.qasm,CPU,double,323,323,7,2,7,7,1,120,0,124,0,0,0,4,0,244,4,1,0,0,5,0,0,0,0,0,0,0,8,32,0,0,46,294,13,127,5,3.4285714285714284,1.5907898179514348,1,46.142857142857146,3.5975232198142413,2.4857142857142858,4,1.130649082137679,34.857142857142854,100,1,124,0,0,0,0,0,0,0,0.8413793103448276,0.15862068965517243,41.42857142857143,34.857142857142854,6.571428571428571,0.12826183104820876,0.9974747860860493,10000,431.89453125,1,1,2.667474499999571
grover-v-chain_indep_qiskit_7.qasm,CPU,single,323,323,7,2,7,7,1,120,0,124,0,0,0,4,0,244,4,1,0,0,5,0,0,0,0,0,0,0,8,32,0,0,46,294,13,127,5,3.4285714285714284,1.5907898179514348,1,46.142857142857146,3.5975232198142413,2.4857142857142858,4,1.130649082137679,34.857142857142854,100,1,124,0,0,0,0,0,0,0,0.8413793103448276,0.15862068965517243,41.42857142857143,34.857142857142854,6.571428571428571,0.12826183104820876,0.9974773047622107,10000,425.890625,1,1,0.9918242999997346
grover-v-chain_indep_qiskit_7.qasm,GPU,double,323,323,7,2,7,7,1,120,0,124,0,0,0,4,0,244,4,1,0,0,5,0,0,0,0,0,0,0,8,32,0,0,46,294,13,127,5,3.4285714285714284,1.5907898179514348,1,46.142857142857146,3.5975232198142413,2.4857142857142858,4,1.130649082137679,34.857142857142854,100,1,124,0,0,0,0,0,0,0,0.8413793103448276,0.15862068965517243,41.42857142857143,34.857142857142854,6.571428571428571,0.12826183104820876,0.9974747860860489,10000,845.6171875,1,1,3.464708099999825
grover-v-chain_indep_qiskit_7.qasm,GPU,single,323,323,7,2,7,7,1,120,0,124,0,0,0,4,0,244,4,1,0,0,5,0,0,0,0,0,0,0,8,32,0,0,46,294,13,127,5,3.4285714285714284,1.5907898179514348,1,46.142857142857146,3.5975232198142413,2.4857142857142858,4,1.130649082137679,34.857142857142854,100,1,124,0,0,0,0,0,0,0,0.8413793103448276,0.15862068965517243,41.42857142857143,34.857142857142854,6.571428571428571,0.12826183104820876,0.9974751628922761,10000,482.55078125,1,1,1.8052299999999377
portfolioqaoa_indep_qiskit_10.qasm,CPU,double,202,202,10,1,20,20,2,0,0,0,0,0,0,0,0,0,0,0,0,0,0,0,0,0,0,10,0,0,0,10,20,0,40,40,0,0,0,0.0,0.0,0,20.2,1.9801980198019802,0.0,0,0.0,0.0,0,0,0,0,0,1,10,0,0,0,0.0,1.0,4.0,0.0,4.0,0.019801980198019802,0.9999980264367786,10000,427.578125,5,8,12.064081700000315
portfolioqaoa_indep_qiskit_10.qasm,CPU,single,202,202,10,1,20,20,2,0,0,0,0,0,0,0,0,0,0,0,0,0,0,0,0,0,0,10,0,0,0,10,20,0,40,40,0,0,0,0.0,0.0,0,20.2,1.9801980198019802,0.0,0,0.0,0.0,0,0,0,0,0,1,10,0,0,0,0.0,1.0,4.0,0.0,4.0,0.019801980198019802,0.9999991655481837,10000,427.55078125,5,8,4.905071499999849
portfolioqaoa_indep_qiskit_10.qasm,GPU,double,202,202,10,1,20,20,2,0,0,0,0,0,0,0,0,0,0,0,0,0,0,0,0,0,0,10,0,0,0,10,20,0,40,40,0,0,0,0.0,0.0,0,20.2,1.9801980198019802,0.0,0,0.0,0.0,0,0,0,0,0,1,10,0,0,0,0.0,1.0,4.0,0.0,4.0,0.019801980198019802,0.9999981143982746,10000,877.41796875,5,8,15.669895600000018
portfolioqaoa_indep_qiskit_10.qasm,GPU,single,202,202,10,1,20,20,2,0,0,0,0,0,0,0,0,0,0,0,0,0,0,0,0,0,0,10,0,0,0,10,20,0,40,40,0,0,0,0.0,0.0,0,20.2,1.9801980198019802,0.0,0,0.0,0.0,0,0,0,0,0,1,10,0,0,0,0.0,1.0,4.0,0.0,4.0,0.019801980198019802,0.9999941587572786,10000,511.41796875,5,8,6.2795021000001725
portfolioqaoa_indep_qiskit_17.qasm,CPU,double,517,517,17,1,34,34,2,0,0,0,0,0,0,0,0,0,0,0,0,0,0,0,0,0,0,17,0,0,0,17,34,0,68,68,0,0,0,0.0,0.0,0,30.41176470588235,2.2359767891682787,0.0,0,0.0,0.0,0,0,0,0,0,1,17,0,0,0,0.0,1.0,4.0,0.0,4.0,0.007736943907156673,0.9941446378646979,10000,429.42578125,5,16,41.097558699999354
portfolioqaoa_indep_qiskit_17.qasm,CPU,single,517,517,17,1,34,34,2,0,0,0,0,0,0,0,0,0,0,0,0,0,0,0,0,0,0,17,0,0,0,17,34,0,68,68,0,0,0,0.0,0.0,0,30.41176470588235,2.2359767891682787,0.0,0,0.0,0.0,0,0,0,0,0,1,17,0,0,0,0.0,1.0,4.0,0.0,4.0,0.007736943907156673,0.9941747081843132,10000,429.0078125,5,16,13.219480499999918
portfolioqaoa_indep_qiskit_17.qasm,GPU,double,517,517,17,1,34,34,2,0,0,0,0,0,0,0,0,0,0,0,0,0,0,0,0,0,0,17,0,0,0,17,34,0,68,68,0,0,0,0.0,0.0,0,30.41176470588235,2.2359767891682787,0.0,0,0.0,0.0,0,0,0,0,0,1,17,0,0,0,0.0,1.0,4.0,0.0,4.0,0.007736943907156673,0.9941440214122096,10000,884.96484375,5,16,61.8806055999994
portfolioqaoa_indep_qiskit_17.qasm,GPU,single,517,517,17,1,34,34,2,0,0,0,0,0,0,0,0,0,0,0,0,0,0,0,0,0,0,17,0,0,0,17,34,0,68,68,0,0,0,0.0,0.0,0,30.41176470588235,2.2359767891682787,0.0,0,0.0,0.0,0,0,0,0,0,1,17,0,0,0,0.0,1.0,4.0,0.0,4.0,0.007736943907156673,0.994155308256663,10000,517.44921875,5,16,23.94955200000004
portfoliovqe_indep_qiskit_10.qasm,CPU,double,190,190,10,1,10,10,1,0,135,0,0,0,0,0,0,135,0,0,0,0,0,0,0,0,0,0,40,0,0,0,0,0,40,175,45,90,9,9.0,0.0,1,19.0,9.210526315789474,3.6666666666666665,9,2.211083193570267,13.5,75,0,0,0,0,1,40,0,0,0,0.7714285714285715,0.22857142857142856,17.5,13.5,4.0,0.09210526315789473,1.0000000000017883,10000,427.26953125,5,8,11.89738000000034
portfoliovqe_indep_qiskit_10.qasm,CPU,single,190,190,10,1,10,10,1,0,135,0,0,0,0,0,0,135,0,0,0,0,0,0,0,0,0,0,40,0,0,0,0,0,40,175,45,90,9,9.0,0.0,1,19.0,9.210526315789474,3.6666666666666665,9,2.211083193570267,13.5,75,0,0,0,0,1,40,0,0,0,0.7714285714285715,0.22857142857142856,17.5,13.5,4.0,0.09210526315789473,1.0000002384185933,10000,427.37109375,5,8,4.8081145999999535
portfoliovqe_indep_qiskit_10.qasm,GPU,double,190,190,10,1,10,10,1,0,135,0,0,0,0,0,0,135,0,0,0,0,0,0,0,0,0,0,40,0,0,0,0,0,40,175,45,90,9,9.0,0.0,1,19.0,9.210526315789474,3.6666666666666665,9,2.211083193570267,13.5,75,0,0,0,0,1,40,0,0,0,0.7714285714285715,0.22857142857142856,17.5,13.5,4.0,0.09210526315789473,1.0000000000000564,10000,876.8125,5,8,14.132609499999944
portfoliovqe_indep_qiskit_10.qasm,GPU,single,190,190,10,1,10,10,1,0,135,0,0,0,0,0,0,135,0,0,0,0,0,0,0,0,0,0,40,0,0,0,0,0,40,175,45,90,9,9.0,0.0,1,19.0,9.210526315789474,3.6666666666666665,9,2.211083193570267,13.5,75,0,0,0,0,1,40,0,0,0,0.7714285714285715,0.22857142857142856,17.5,13.5,4.0,0.09210526315789473,1.0,10000,508.7421875,5,8,5.741111700000147
portfoliovqe_indep_qiskit_18.qasm,CPU,double,554,554,18,1,18,18,1,0,459,0,0,0,0,0,0,459,0,0,0,0,0,0,0,0,0,0,72,0,0,0,0,0,72,531,153,306,17,17.0,0.0,1,30.77777777777778,17.252707581227437,6.333333333333333,17,4.109609335312651,25.5,243,0,0,0,0,1,72,0,0,0,0.864406779661017,0.13559322033898305,29.5,25.5,4.0,0.05324909747292419,1.0000000000226552,10000,428.2890625,5,16,37.96107890000076
portfoliovqe_indep_qiskit_18.qasm,CPU,single,554,554,18,1,18,18,1,0,459,0,0,0,0,0,0,459,0,0,0,0,0,0,0,0,0,0,72,0,0,0,0,0,72,531,153,306,17,17.0,0.0,1,30.77777777777778,17.252707581227437,6.333333333333333,17,4.109609335312651,25.5,243,0,0,0,0,1,72,0,0,0,0.864406779661017,0.13559322033898305,29.5,25.5,4.0,0.05324909747292419,0.9999996423721633,10000,429.90234375,5,16,14.044175900000482
portfoliovqe_indep_qiskit_18.qasm,GPU,double,554,554,18,1,18,18,1,0,459,0,0,0,0,0,0,459,0,0,0,0,0,0,0,0,0,0,72,0,0,0,0,0,72,531,153,306,17,17.0,0.0,1,30.77777777777778,17.252707581227437,6.333333333333333,17,4.109609335312651,25.5,243,0,0,0,0,1,72,0,0,0,0.864406779661017,0.13559322033898305,29.5,25.5,4.0,0.05324909747292419,0.9999999999997737,10000,879.89453125,5,16,53.10907969999971
portfoliovqe_indep_qiskit_18.qasm,GPU,single,554,554,18,1,18,18,1,0,459,0,0,0,0,0,0,459,0,0,0,0,0,0,0,0,0,0,72,0,0,0,0,0,72,531,153,306,17,17.0,0.0,1,30.77777777777778,17.252707581227437,6.333333333333333,17,4.109609335312651,25.5,243,0,0,0,0,1,72,0,0,0,0.864406779661017,0.13559322033898305,29.5,25.5,4.0,0.05324909747292419,1.0000002384185933,10000,515.08203125,5,16,21.927516199999445
pricingcall_indep_qiskit_17.qasm,CPU,double,682,682,17,1,17,17,1,288,0,0,0,0,0,42,0,288,42,32,0,0,0,0,0,0,0,0,256,0,0,0,1,33,322,652,44,286,9,5.176470588235294,3.9442481445271085,1,40.11764705882353,14.382697947214076,2.5757575757575757,9,2.3922894198869864,16.941176470588236,42,0,0,0,1,1,256,0,0,0,0.49913344887348354,0.5008665511265165,33.94117647058823,16.941176470588236,17.0,0.04976712092461618,0.9972381604955225,10000,428.88671875,4,8,25.74801750000006
pricingcall_indep_qiskit_17.qasm,CPU,single,682,682,17,1,17,17,1,288,0,0,0,0,0,42,0,288,42,32,0,0,0,0,0,0,0,0,256,0,0,0,1,33,322,652,44,286,9,5.176470588235294,3.9442481445271085,1,40.11764705882353,14.382697947214076,2.5757575757575757,9,2.3922894198869864,16.941176470588236,42,0,0,0,1,1,256,0,0,0,0.49913344887348354,0.5008665511265165,33.94117647058823,16.941176470588236,17.0,0.04976712092461618,0.9972395899541225,10000,428.14453125,4,8,8.654724799998803
pricingcall_indep_qiskit_17.qasm,GPU,double,682,682,17,1,17,17,1,288,0,0,0,0,0,42,0,288,42,32,0,0,0,0,0,0,0,0,256,0,0,0,1,33,322,652,44,286,9,5.176470588235294,3.9442481445271085,1,40.11764705882353,14.382697947214076,2.5757575757575757,9,2.3922894198869864,16.941176470588236,42,0,0,0,1,1,256,0,0,0,0.49913344887348354,0.5008665511265165,33.94117647058823,16.941176470588236,17.0,0.04976712092461618,0.9972379797689478,10000,878.32421875,4,8,26.624589600000036
pricingcall_indep_qiskit_17.qasm,GPU,single,682,682,17,1,17,17,1,288,0,0,0,0,0,42,0,288,42,32,0,0,0,0,0,0,0,0,256,0,0,0,1,33,322,652,44,286,9,5.176470588235294,3.9442481445271085,1,40.11764705882353,14.382697947214076,2.5757575757575757,9,2.3922894198869864,16.941176470588236,42,0,0,0,1,1,256,0,0,0,0.49913344887348354,0.5008665511265165,33.94117647058823,16.941176470588236,17.0,0.04976712092461618,0.9972357805616822,10000,513.078125,4,8,12.032248100000288
qaoa_indep_qiskit_16.qasm,CPU,double,101,101,16,1,16,16,1,0,0,0,0,0,0,0,0,0,0,0,0,0,16,0,0,0,0,32,0,0,0,0,0,0,48,48,0,0,0,0.0,0.0,0,6.3125,7.603960396039604,0.0,0,0.0,0.0,0,0,0,0,0,1,32,0,0,0,0.0,1.0,3.0,0.0,3.0,0.0297029702970297,1.0000000000000075,10000,425.80078125,1,1,13.572396400000116
qaoa_indep_qiskit_16.qasm,CPU,single,101,101,16,1,16,16,1,0,0,0,0,0,0,0,0,0,0,0,0,0,16,0,0,0,0,32,0,0,0,0,0,0,48,48,0,0,0,0.0,0.0,0,6.3125,7.603960396039604,0.0,0,0.0,0.0,0,0,0,0,0,1,32,0,0,0,0.0,1.0,3.0,0.0,3.0,0.0297029702970297,0.9999983310707101,10000,426.5859375,1,1,3.692293900000095
qaoa_indep_qiskit_16.qasm,GPU,double,101,101,16,1,16,16,1,0,0,0,0,0,0,0,0,0,0,0,0,0,16,0,0,0,0,32,0,0,0,0,0,0,48,48,0,0,0,0.0,0.0,0,6.3125,7.603960396039604,0.0,0,0.0,0.0,0,0,0,0,0,1,32,0,0,0,0.0,1.0,3.0,0.0,3.0,0.0297029702970297,1.0000000000000018,10000,848.52734375,1,1,12.86652520000007
qaoa_indep_qiskit_16.qasm,GPU,single,101,101,16,1,16,16,1,0,0,0,0,0,0,0,0,0,0,0,0,0,16,0,0,0,0,32,0,0,0,0,0,0,48,48,0,0,0,0.0,0.0,0,6.3125,7.603960396039604,0.0,0,0.0,0.0,0,0,0,0,0,1,32,0,0,0,0.0,1.0,3.0,0.0,3.0,0.0297029702970297,0.999999761581679,10000,481.4296875,1,1,3.8169324000000415
qft_indep_qiskit_130.qasm,CPU,double,8716,8716,130,1,260,130,1,0,0,8385,0,0,65,0,0,8450,0,0,0,0,130,0,0,0,0,0,0,0,0,0,0,0,130,8580,65,0,1,1.0,0.0,65,67.04615384615384,1.9389628269848556,65.0,129,37.52332607858744,65.0,65,1,4469,0,0,0,0,0,0,0,0.9848484848484849,0.015151515151515152,66.0,65.0,1.0,0.007572280862781092,0.9999999992331061,10000,437.6953125,1,1,1174.0307276999956
qft_indep_qiskit_130.qasm,CPU,single,8716,8716,130,1,260,130,1,0,0,8385,0,0,65,0,0,8450,0,0,0,0,130,0,0,0,0,0,0,0,0,0,0,0,130,8580,65,0,1,1.0,0.0,65,67.04615384615384,1.9389628269848556,65.0,129,37.52332607858744,65.0,65,1,4469,0,0,0,0,0,0,0,0.9848484848484849,0.015151515151515152,66.0,65.0,1.0,0.007572280862781092,0.9999924898648939,10000,438.28515625,1,1,246.62008710000373
qft_indep_qiskit_130.qasm,GPU,double,8716,8716,130,1,260,130,1,0,0,8385,0,0,65,0,0,8450,0,0,0,0,130,0,0,0,0,0,0,0,0,0,0,0,130,8580,65,0,1,1.0,0.0,65,67.04615384615384,1.9389628269848556,65.0,129,37.52332607858744,65.0,65,1,4469,0,0,0,0,0,0,0,0.9848484848484849,0.015151515151515152,66.0,65.0,1.0,0.007572280862781092,1.0000000000105294,10000,898.68359375,1,1,2060.300456499999
qft_indep_qiskit_130.qasm,GPU,single,8716,8716,130,1,260,130,1,0,0,8385,0,0,65,0,0,8450,0,0,0,0,130,0,0,0,0,0,0,0,0,0,0,0,130,8580,65,0,1,1.0,0.0,65,67.04615384615384,1.9389628269848556,65.0,129,37.52332607858744,65.0,65,1,4469,0,0,0,0,0,0,0,0.9848484848484849,0.015151515151515152,66.0,65.0,1.0,0.007572280862781092,1.0,10000,530.16015625,1,1,883.5027354000049
qft_indep_qiskit_15.qasm,CPU,double,148,148,15,1,30,15,1,0,0,105,0,0,7,0,0,112,0,0,0,0,15,0,0,0,0,0,0,0,0,0,0,0,15,127,7,0,1,1.0,0.0,7,9.866666666666667,1.5202702702702702,8.0,14,4.0,7.466666666666667,7,1,105,0,0,0,0,0,0,0,0.8818897637795275,0.11811023622047244,8.466666666666667,7.466666666666667,1.0,0.057207207207207206,0.9999999999987221,10000,425.93359375,1,1,15.38530280000009
qft_indep_qiskit_15.qasm,CPU,single,148,148,15,1,30,15,1,0,0,105,0,0,7,0,0,112,0,0,0,0,15,0,0,0,0,0,0,0,0,0,0,0,15,127,7,0,1,1.0,0.0,7,9.866666666666667,1.5202702702702702,8.0,14,4.0,7.466666666666667,7,1,105,0,0,0,0,0,0,0,0.8818897637795275,0.11811023622047244,8.466666666666667,7.466666666666667,1.0,0.057207207207207206,0.9999988079075415,10000,426.66796875,1,1,3.8983488999999736
qft_indep_qiskit_15.qasm,GPU,double,148,148,15,1,30,15,1,0,0,105,0,0,7,0,0,112,0,0,0,0,15,0,0,0,0,0,0,0,0,0,0,0,15,127,7,0,1,1.0,0.0,7,9.866666666666667,1.5202702702702702,8.0,14,4.0,7.466666666666667,7,1,105,0,0,0,0,0,0,0,0.8818897637795275,0.11811023622047244,8.466666666666667,7.466666666666667,1.0,0.057207207207207206,0.9999999999999776,10000,845.1953125,1,1,17.19437290000019
qft_indep_qiskit_15.qasm,GPU,single,148,148,15,1,30,15,1,0,0,105,0,0,7,0,0,112,0,0,0,0,15,0,0,0,0,0,0,0,0,0,0,0,15,127,7,0,1,1.0,0.0,7,9.866666666666667,1.5202702702702702,8.0,14,4.0,7.466666666666667,7,1,105,0,0,0,0,0,0,0,0.8818897637795275,0.11811023622047244,8.466666666666667,7.466666666666667,1.0,0.057207207207207206,0.999999880790714,10000,479.75390625,1,1,4.754781699999967
qft_indep_qiskit_30.qasm,CPU,double,516,516,30,1,60,30,1,0,0,435,0,0,15,0,0,450,0,0,0,0,30,0,0,0,0,0,0,0,0,0,0,0,30,480,15,0,1,1.0,0.0,15,17.2,1.744186046511628,15.0,29,8.640987597877148,15.0,15,1,435,0,0,0,0,0,0,0,0.9375,0.0625,16.0,15.0,1.0,0.031007751937984496,0.999999999990262,10000,426.703125,1,1,64.63328699999965
qft_indep_qiskit_30.qasm,CPU,single,516,516,30,1,60,30,1,0,0,435,0,0,15,0,0,450,0,0,0,0,30,0,0,0,0,0,0,0,0,0,0,0,30,480,15,0,1,1.0,0.0,15,17.2,1.744186046511628,15.0,29,8.640987597877148,15.0,15,1,435,0,0,0,0,0,0,0,0.9375,0.0625,16.0,15.0,1.0,0.031007751937984496,0.999998092653518,10000,426.64453125,1,1,12.875928500000555
qft_indep_qiskit_30.qasm,GPU,double,516,516,30,1,60,30,1,0,0,435,0,0,15,0,0,450,0,0,0,0,30,0,0,0,0,0,0,0,0,0,0,0,30,480,15,0,1,1.0,0.0,15,17.2,1.744186046511628,15.0,29,8.640987597877148,15.0,15,1,435,0,0,0,0,0,0,0,0.9375,0.0625,16.0,15.0,1.0,0.031007751937984496,1.000000000000075,10000,849.515625,1,1,76.91615640000055
qft_indep_qiskit_30.qasm,GPU,single,516,516,30,1,60,30,1,0,0,435,0,0,15,0,0,450,0,0,0,0,30,0,0,0,0,0,0,0,0,0,0,0,30,480,15,0,1,1.0,0.0,15,17.2,1.744186046511628,15.0,29,8.640987597877148,15.0,15,1,435,0,0,0,0,0,0,0,0.9375,0.0625,16.0,15.0,1.0,0.031007751937984496,0.999999880790714,10000,481.55078125,1,1,20.728053499999078
qftentangled_indep_qiskit_15.qasm,CPU,double,162,162,15,1,15,15,1,14,0,105,0,0,7,0,0,126,0,0,0,0,16,0,0,0,0,0,0,0,0,0,0,0,16,142,21,0,3,2.8,0.39999999999999997,1,10.8,2.7777777777777777,3.3333333333333335,14,4.0276819911981905,8.4,8,1,105,0,0,0,0,0,0,0,0.8873239436619719,0.11267605633802817,9.466666666666667,8.4,1.0666666666666667,0.05843621399176955,1.0000000000001155,10000,425.9453125,2,2,17.87179339999966
qftentangled_indep_qiskit_15.qasm,CPU,single,162,162,15,1,15,15,1,14,0,105,0,0,7,0,0,126,0,0,0,0,16,0,0,0,0,0,0,0,0,0,0,0,16,142,21,0,3,2.8,0.39999999999999997,1,10.8,2.7777777777777777,3.3333333333333335,14,4.0276819911981905,8.4,8,1,105,0,0,0,0,0,0,0,0.8873239436619719,0.11267605633802817,9.466666666666667,8.4,1.0666666666666667,0.05843621399176955,0.9999971389790971,10000,425.5234375,2,2,7.079947400000037
qftentangled_indep_qiskit_15.qasm,GPU,double,162,162,15,1,15,15,1,14,0,105,0,0,7,0,0,126,0,0,0,0,16,0,0,0,0,0,0,0,0,0,0,0,16,142,21,0,3,2.8,0.39999999999999997,1,10.8,2.7777777777777777,3.3333333333333335,14,4.0276819911981905,8.4,8,1,105,0,0,0,0,0,0,0,0.8873239436619719,0.11267605633802817,9.466666666666667,8.4,1.0666666666666667,0.05843621399176955,1.0000000000000004,10000,876.16015625,2,2,19.03216399999974
qftentangled_indep_qiskit_15.qasm,GPU,single,162,162,15,1,15,15,1,14,0,105,0,0,7,0,0,126,0,0,0,0,16,0,0,0,0,0,0,0,0,0,0,0,16,142,21,0,3,2.8,0.39999999999999997,1,10.8,2.7777777777777777,3.3333333333333335,14,4.0276819911981905,8.4,8,1,105,0,0,0,0,0,0,0,0.8873239436619719,0.11267605633802817,9.466666666666667,8.4,1.0666666666666667,0.05843621399176955,0.999999880792942,10000,509.2421875,2,2,7.8959162999999535
qftentangled_indep_qiskit_30.qasm,CPU,double,545,545,30,1,30,30,1,29,0,435,0,0,15,0,0,479,0,0,0,0,31,0,0,0,0,0,0,0,0,0,0,0,31,510,44,0,3,2.8666666666666667,0.33993463423951903,1,18.166666666666668,3.3027522935779814,5.7727272727272725,29,8.336294239822188,15.966666666666667,16,1,435,0,0,0,0,0,0,0,0.9392156862745098,0.060784313725490195,17.0,15.966666666666667,1.0333333333333334,0.031192660550458717,1.0000000000025868,10000,433.62890625,2,2,70.14926699999887
qftentangled_indep_qiskit_30.qasm,CPU,single,545,545,30,1,30,30,1,29,0,435,0,0,15,0,0,479,0,0,0,0,31,0,0,0,0,0,0,0,0,0,0,0,31,510,44,0,3,2.8666666666666667,0.33993463423951903,1,18.166666666666668,3.3027522935779814,5.7727272727272725,29,8.336294239822188,15.966666666666667,16,1,435,0,0,0,0,0,0,0,0.9392156862745098,0.060784313725490195,17.0,15.966666666666667,1.0333333333333334,0.031192660550458717,0.9999940395856248,10000,427.4765625,2,2,24.19005549999929
qftentangled_indep_qiskit_30.qasm,GPU,double,545,545,30,1,30,30,1,29,0,435,0,0,15,0,0,479,0,0,0,0,31,0,0,0,0,0,0,0,0,0,0,0,31,510,44,0,3,2.8666666666666667,0.33993463423951903,1,18.166666666666668,3.3027522935779814,5.7727272727272725,29,8.336294239822188,15.966666666666667,16,1,435,0,0,0,0,0,0,0,0.9392156862745098,0.060784313725490195,17.0,15.966666666666667,1.0333333333333334,0.031192660550458717,0.9999999999223579,10000,877.69921875,2,2,78.0279576999983
qftentangled_indep_qiskit_30.qasm,GPU,single,545,545,30,1,30,30,1,29,0,435,0,0,15,0,0,479,0,0,0,0,31,0,0,0,0,0,0,0,0,0,0,0,31,510,44,0,3,2.8666666666666667,0.33993463423951903,1,18.166666666666668,3.3027522935779814,5.7727272727272725,29,8.336294239822188,15.966666666666667,16,1,435,0,0,0,0,0,0,0,0.9392156862745098,0.060784313725490195,17.0,15.966666666666667,1.0333333333333334,0.031192660550458717,0.9999998807907632,10000,511.83984375,2,2,32.62459129999843
qnn_indep_qiskit_20.qasm,CPU,double,1264,1264,20,1,20,20,1,779,0,0,0,0,0,0,0,779,0,0,0,0,0,0,0,0,0,0,40,0,0,40,0,0,80,859,190,589,19,19.0,0.0,1,63.2,13.591772151898734,6.853658536585366,19,4.620004094654273,38.95,401,0,0,0,0,1,40,0,0,0,0.9068684516880093,0.09313154831199069,42.95,38.95,4.0,0.033979430379746836,0.9998882017929162,10000,434.4375,6,16,49.9247598999973
qnn_indep_qiskit_20.qasm,CPU,single,1264,1264,20,1,20,20,1,779,0,0,0,0,0,0,0,779,0,0,0,0,0,0,0,0,0,0,40,0,0,40,0,0,80,859,190,589,19,19.0,0.0,1,63.2,13.591772151898734,6.853658536585366,19,4.620004094654273,38.95,401,0,0,0,0,1,40,0,0,0,0.9068684516880093,0.09313154831199069,42.95,38.95,4.0,0.033979430379746836,0.9999053500677321,10000,432.7734375,6,16,24.692358100001
qnn_indep_qiskit_20.qasm,GPU,double,1264,1264,20,1,20,20,1,779,0,0,0,0,0,0,0,779,0,0,0,0,0,0,0,0,0,0,40,0,0,40,0,0,80,859,190,589,19,19.0,0.0,1,63.2,13.591772151898734,6.853658536585366,19,4.620004094654273,38.95,401,0,0,0,0,1,40,0,0,0,0.9068684516880093,0.09313154831199069,42.95,38.95,4.0,0.033979430379746836,0.9998902180167684,10000,895.8671875,6,16,74.64191109999956
qnn_indep_qiskit_20.qasm,GPU,single,1264,1264,20,1,20,20,1,779,0,0,0,0,0,0,0,779,0,0,0,0,0,0,0,0,0,0,40,0,0,40,0,0,80,859,190,589,19,19.0,0.0,1,63.2,13.591772151898734,6.853658536585366,19,4.620004094654273,38.95,401,0,0,0,0,1,40,0,0,0,0.9068684516880093,0.09313154831199069,42.95,38.95,4.0,0.033979430379746836,0.9998338292593077,10000,526.70703125,6,16,27.040457899998728
qpeexact_indep_qiskit_100.qasm,CPU,double,5303,5303,100,2,99,99,1,0,0,4950,0,0,49,0,0,4999,0,1,0,0,198,0,0,0,0,0,0,0,0,0,0,0,199,5198,49,0,1,1.0,0.0,49,53.03,3.7525928719592683,50.0,98,28.284271247461902,49.99,49,1,3199,0,0,0,0,0,0,0,0.961716044632551,0.03828395536744902,51.98,49.99,1.99,0.009801998868564964,0.9999999999983897,10000,433.5546875,1,1,1460.3537848000014
qpeexact_indep_qiskit_100.qasm,CPU,single,5303,5303,100,2,99,99,1,0,0,4950,0,0,49,0,0,4999,0,1,0,0,198,0,0,0,0,0,0,0,0,0,0,0,199,5198,49,0,1,1.0,0.0,49,53.03,3.7525928719592683,50.0,98,28.284271247461902,49.99,49,1,3199,0,0,0,0,0,0,0,0.961716044632551,0.03828395536744902,51.98,49.99,1.99,0.009801998868564964,0.999980572219307,10000,433.76171875,1,1,283.0733005000002
qpeexact_indep_qiskit_100.qasm,GPU,double,5303,5303,100,2,99,99,1,0,0,4950,0,0,49,0,0,4999,0,1,0,0,198,0,0,0,0,0,0,0,0,0,0,0,199,5198,49,0,1,1.0,0.0,49,53.03,3.7525928719592683,50.0,98,28.284271247461902,49.99,49,1,3199,0,0,0,0,0,0,0,0.961716044632551,0.03828395536744902,51.98,49.99,1.99,0.009801998868564964,1.0000000000013096,10000,876.83984375,1,1,1840.5101435999986
qpeexact_indep_qiskit_100.qasm,GPU,single,5303,5303,100,2,99,99,1,0,0,4950,0,0,49,0,0,4999,0,1,0,0,198,0,0,0,0,0,0,0,0,0,0,0,199,5198,49,0,1,1.0,0.0,49,53.03,3.7525928719592683,50.0,98,28.284271247461902,49.99,49,1,3199,0,0,0,0,0,0,0,0.961716044632551,0.03828395536744902,51.98,49.99,1.99,0.009801998868564964,0.9999921337928853,10000,510.296875,1,1,553.8629766000013
qpeexact_indep_qiskit_30.qasm,CPU,double,542,542,30,2,29,29,1,0,0,434,0,0,14,0,0,448,0,1,0,0,58,0,0,0,0,0,0,0,0,0,0,0,59,507,14,0,1,1.0,0.0,14,18.066666666666666,3.265682656826568,15.0,28,8.06225774829855,14.933333333333334,14,1,407,0,0,0,0,0,0,0,0.883629191321499,0.11637080867850098,16.9,14.933333333333334,1.9666666666666666,0.031180811808118082,0.9999999999999507,10000,427.68359375,1,1,116.68948549999914
qpeexact_indep_qiskit_30.qasm,CPU,single,542,542,30,2,29,29,1,0,0,434,0,0,14,0,0,448,0,1,0,0,58,0,0,0,0,0,0,0,0,0,0,0,59,507,14,0,1,1.0,0.0,14,18.066666666666666,3.265682656826568,15.0,28,8.06225774829855,14.933333333333334,14,1,407,0,0,0,0,0,0,0,0.883629191321499,0.11637080867850098,16.9,14.933333333333334,1.9666666666666666,0.031180811808118082,0.9999946355917999,10000,432.69921875,1,1,22.94623000000138
qpeexact_indep_qiskit_30.qasm,GPU,double,542,542,30,2,29,29,1,0,0,434,0,0,14,0,0,448,0,1,0,0,58,0,0,0,0,0,0,0,0,0,0,0,59,507,14,0,1,1.0,0.0,14,18.066666666666666,3.265682656826568,15.0,28,8.06225774829855,14.933333333333334,14,1,407,0,0,0,0,0,0,0,0.883629191321499,0.11637080867850098,16.9,14.933333333333334,1.9666666666666666,0.031180811808118082,1.0000000000000107,10000,850.19140625,1,1,132.2056378999987
qpeexact_indep_qiskit_30.qasm,GPU,single,542,542,30,2,29,29,1,0,0,434,0,0,14,0,0,448,0,1,0,0,58,0,0,0,0,0,0,0,0,0,0,0,59,507,14,0,1,1.0,0.0,14,18.066666666666666,3.265682656826568,15.0,28,8.06225774829855,14.933333333333334,14,1,407,0,0,0,0,0,0,0,0.883629191321499,0.11637080867850098,16.9,14.933333333333334,1.9666666666666666,0.031180811808118082,0.9999989271919102,10000,484.0859375,1,1,30.695494800000233
shor_15_4_indep_qiskit_18.qasm,CPU,double,9900,9900,18,3,18,18,1,2048,0,6108,0,0,4,0,32,8160,32,1,0,0,1234,0,0,0,0,0,0,0,0,192,0,0,1427,9619,69,2015,8,5.285714285714286,2.18529407725405,2,550.0,6.318181818181818,2.5278310940499042,7,1.8832764610296802,453.3333333333333,0,1,4924,0,0,0,0,0,0,0,0.8511526024825284,0.14884739751747159,532.6111111111111,453.3333333333333,79.27777777777777,0.05379910213243547,0.999999999994625,10000,444.171875,8,4,20.17139440000028
shor_15_4_indep_qiskit_18.qasm,GPU,double,9900,9900,18,3,18,18,1,2048,0,6108,0,0,4,0,32,8160,32,1,0,0,1234,0,0,0,0,0,0,0,0,192,0,0,1427,9619,69,2015,8,5.285714285714286,2.18529407725405,2,550.0,6.318181818181818,2.5278310940499042,7,1.8832764610296802,453.3333333333333,0,1,4924,0,0,0,0,0,0,0,0.8511526024825284,0.14884739751747159,532.6111111111111,453.3333333333333,79.27777777777777,0.05379910213243547,0.9999999999957008,10000,927.9296875,3,4,77.75914030000422
shor_15_4_indep_qiskit_18.qasm,GPU,single,9900,9900,18,3,18,18,1,2048,0,6108,0,0,4,0,32,8160,32,1,0,0,1234,0,0,0,0,0,0,0,0,192,0,0,1427,9619,69,2015,8,5.285714285714286,2.18529407725405,2,550.0,6.318181818181818,2.5278310940499042,7,1.8832764610296802,453.3333333333333,0,1,4924,0,0,0,0,0,0,0,0.8511526024825284,0.14884739751747159,532.6111111111111,453.3333333333333,79.27777777777777,0.05379910213243547,1.0000002384214977,10000,560.640625,3,4,46.13232920000155
twolocalrandom_indep_qiskit_30.qasm,GPU,double,1460,1460,30,1,30,30,1,1305,0,0,0,0,0,0,0,1305,0,0,0,0,0,0,0,0,0,0,120,0,0,0,0,0,120,1425,435,870,29,29.0,0.0,1,48.666666666666664,29.280821917808222,10.333333333333334,29,6.944222218666553,43.5,675,0,0,0,0,1,120,0,0,0,0.9157894736842105,0.08421052631578947,47.5,43.5,4.0,0.032534246575342464,0.9999765129577427,10000,972.69140625,9,64,878.3766337000015
twolocalrandom_indep_qiskit_30.qasm,GPU,single,1460,1460,30,1,30,30,1,1305,0,0,0,0,0,0,0,1305,0,0,0,0,0,0,0,0,0,0,120,0,0,0,0,0,120,1425,435,870,29,29.0,0.0,1,48.666666666666664,29.280821917808222,10.333333333333334,29,6.944222218666553,43.5,675,0,0,0,0,1,120,0,0,0,0.9157894736842105,0.08421052631578947,47.5,43.5,4.0,0.032534246575342464,0.9999355088141648,10000,592.046875,9,64,225.9701571000005
vqe_indep_qiskit_16.qasm,CPU,double,99,99,16,1,16,16,1,30,0,0,0,0,0,0,0,30,0,0,0,0,0,0,0,0,0,0,48,0,0,0,0,0,48,78,15,15,2,1.875,0.33071891388307384,1,6.1875,12.606060606060606,1.0,1,0.0,1.875,2,0,0,0,0,1,48,0,0,0,0.38461538461538464,0.6153846153846154,4.875,1.875,3.0,0.04924242424242424,0.9999649676892838,10000,426.9453125,2,2,5.410789199999954
vqe_indep_qiskit_16.qasm,CPU,single,99,99,16,1,16,16,1,30,0,0,0,0,0,0,0,30,0,0,0,0,0,0,0,0,0,0,48,0,0,0,0,0,48,78,15,15,2,1.875,0.33071891388307384,1,6.1875,12.606060606060606,1.0,1,0.0,1.875,2,0,0,0,0,1,48,0,0,0,0.38461538461538464,0.6153846153846154,4.875,1.875,3.0,0.04924242424242424,0.9999641183257246,10000,427.1015625,2,2,4.355870100000175
vqe_indep_qiskit_16.qasm,GPU,double,99,99,16,1,16,16,1,30,0,0,0,0,0,0,0,30,0,0,0,0,0,0,0,0,0,0,48,0,0,0,0,0,48,78,15,15,2,1.875,0.33071891388307384,1,6.1875,12.606060606060606,1.0,1,0.0,1.875,2,0,0,0,0,1,48,0,0,0,0.38461538461538464,0.6153846153846154,4.875,1.875,3.0,0.04924242424242424,0.9999649662746857,10000,874.1640625,2,2,5.280203699999902
vqe_indep_qiskit_16.qasm,GPU,single,99,99,16,1,16,16,1,30,0,0,0,0,0,0,0,30,0,0,0,0,0,0,0,0,0,0,48,0,0,0,0,0,48,78,15,15,2,1.875,0.33071891388307384,1,6.1875,12.606060606060606,1.0,1,0.0,1.875,2,0,0,0,0,1,48,0,0,0,0.38461538461538464,0.6153846153846154,4.875,1.875,3.0,0.04924242424242424,0.9999650719831585,10000,509.58203125,2,2,4.266166099999964
wstate_indep_qiskit_130.qasm,CPU,double,652,652,130,1,130,130,1,129,129,0,0,0,0,0,0,258,0,1,0,0,0,0,0,0,0,0,258,0,0,0,0,0,259,517,258,0,2,1.9846153846153847,0.12307692307692308,1,5.015384615384615,103.08282208588957,1.0,1,0.0,1.9846153846153847,2,0,0,0,0,1,258,0,0,0,0.4990328820116054,0.5009671179883946,3.976923076923077,1.9846153846153847,1.9923076923076923,0.006099575271354412,0.9999999999999978,10000,430.26171875,2,2,40.51257550000082
wstate_indep_qiskit_130.qasm,CPU,single,652,652,130,1,130,130,1,129,129,0,0,0,0,0,0,258,0,1,0,0,0,0,0,0,0,0,258,0,0,0,0,0,259,517,258,0,2,1.9846153846153847,0.12307692307692308,1,5.015384615384615,103.08282208588957,1.0,1,0.0,1.9846153846153847,2,0,0,0,0,1,258,0,0,0,0.4990328820116054,0.5009671179883946,3.976923076923077,1.9846153846153847,1.9923076923076923,0.006099575271354412,0.9999837876023321,10000,429.4296875,2,2,35.563419899999644
wstate_indep_qiskit_130.qasm,GPU,double,652,652,130,1,130,130,1,129,129,0,0,0,0,0,0,258,0,1,0,0,0,0,0,0,0,0,258,0,0,0,0,0,259,517,258,0,2,1.9846153846153847,0.12307692307692308,1,5.015384615384615,103.08282208588957,1.0,1,0.0,1.9846153846153847,2,0,0,0,0,1,258,0,0,0,0.4990328820116054,0.5009671179883946,3.976923076923077,1.9846153846153847,1.9923076923076923,0.006099575271354412,1.000000000000072,10000,879.0390625,2,2,44.636731400001736
wstate_indep_qiskit_130.qasm,GPU,single,652,652,130,1,130,130,1,129,129,0,0,0,0,0,0,258,0,1,0,0,0,0,0,0,0,0,258,0,0,0,0,0,259,517,258,0,2,1.9846153846153847,0.12307692307692308,1,5.015384615384615,103.08282208588957,1.0,1,0.0,1.9846153846153847,2,0,0,0,0,1,258,0,0,0,0.4990328820116054,0.5009671179883946,3.976923076923077,1.9846153846153847,1.9923076923076923,0.006099575271354412,0.9999963045154381,10000,513.23828125,2,2,37.80133940000087
wstate_indep_qiskit_15.qasm,CPU,double,77,77,15,1,15,15,1,14,14,0,0,0,0,0,0,28,0,1,0,0,0,0,0,0,0,0,28,0,0,0,0,0,29,57,28,0,2,1.8666666666666667,0.33993463423951903,1,5.133333333333334,11.103896103896103,1.0,1,0.0,1.8666666666666667,2,0,0,0,0,1,28,0,0,0,0.49122807017543857,0.5087719298245614,3.8,1.8666666666666667,1.9333333333333333,0.04935064935064935,0.9999999999999976,10000,426.05078125,2,2,4.610865800000056
wstate_indep_qiskit_15.qasm,CPU,single,77,77,15,1,15,15,1,14,14,0,0,0,0,0,0,28,0,1,0,0,0,0,0,0,0,0,28,0,0,0,0,0,29,57,28,0,2,1.8666666666666667,0.33993463423951903,1,5.133333333333334,11.103896103896103,1.0,1,0.0,1.8666666666666667,2,0,0,0,0,1,28,0,0,0,0.49122807017543857,0.5087719298245614,3.8,1.8666666666666667,1.9333333333333333,0.04935064935064935,0.9999983310706426,10000,434.12109375,2,2,4.0718339000000014
wstate_indep_qiskit_15.qasm,GPU,double,77,77,15,1,15,15,1,14,14,0,0,0,0,0,0,28,0,1,0,0,0,0,0,0,0,0,28,0,0,0,0,0,29,57,28,0,2,1.8666666666666667,0.33993463423951903,1,5.133333333333334,11.103896103896103,1.0,1,0.0,1.8666666666666667,2,0,0,0,0,1,28,0,0,0,0.49122807017543857,0.5087719298245614,3.8,1.8666666666666667,1.9333333333333333,0.04935064935064935,1.0000000000000036,10000,875.4765625,2,2,4.7788454999999885
wstate_indep_qiskit_15.qasm,GPU,single,77,77,15,1,15,15,1,14,14,0,0,0,0,0,0,28,0,1,0,0,0,0,0,0,0,0,28,0,0,0,0,0,29,57,28,0,2,1.8666666666666667,0.33993463423951903,1,5.133333333333334,11.103896103896103,1.0,1,0.0,1.8666666666666667,2,0,0,0,0,1,28,0,0,0,0.49122807017543857,0.5087719298245614,3.8,1.8666666666666667,1.9333333333333333,0.04935064935064935,0.9999995231628986,10000,508.859375,2,2,3.980514600000106
wstate_indep_qiskit_30.qasm,CPU,double,152,152,30,1,30,30,1,29,29,0,0,0,0,0,0,58,0,1,0,0,0,0,0,0,0,0,58,0,0,0,0,0,59,117,58,0,2,1.9333333333333333,0.24944382578492943,1,5.066666666666666,23.092105263157897,1.0,1,0.0,1.9333333333333333,2,0,0,0,0,1,58,0,0,0,0.49572649572649574,0.5042735042735043,3.9,1.9333333333333333,1.9666666666666666,0.025657894736842105,1.0000000000000093,10000,426.8671875,2,2,9.64928860000009
wstate_indep_qiskit_30.qasm,CPU,single,152,152,30,1,30,30,1,29,29,0,0,0,0,0,0,58,0,1,0,0,0,0,0,0,0,0,58,0,0,0,0,0,59,117,58,0,2,1.9333333333333333,0.24944382578492943,1,5.066666666666666,23.092105263157897,1.0,1,0.0,1.9333333333333333,2,0,0,0,0,1,58,0,0,0,0.49572649572649574,0.5042735042735043,3.9,1.9333333333333333,1.9666666666666666,0.025657894736842105,0.9999979734431044,10000,427.34765625,2,2,8.140911799999685
wstate_indep_qiskit_30.qasm,GPU,double,152,152,30,1,30,30,1,29,29,0,0,0,0,0,0,58,0,1,0,0,0,0,0,0,0,0,58,0,0,0,0,0,59,117,58,0,2,1.9333333333333333,0.24944382578492943,1,5.066666666666666,23.092105263157897,1.0,1,0.0,1.9333333333333333,2,0,0,0,0,1,58,0,0,0,0.49572649572649574,0.5042735042735043,3.9,1.9333333333333333,1.9666666666666666,0.025657894736842105,1.0000000000000204,10000,876.55078125,2,2,9.73068579999972
wstate_indep_qiskit_30.qasm,GPU,single,152,152,30,1,30,30,1,29,29,0,0,0,0,0,0,58,0,1,0,0,0,0,0,0,0,0,58,0,0,0,0,0,59,117,58,0,2,1.9333333333333333,0.24944382578492943,1,5.066666666666666,23.092105263157897,1.0,1,0.0,1.9333333333333333,2,0,0,0,0,1,58,0,0,0,0.49572649572649574,0.5042735042735043,3.9,1.9333333333333333,1.9666666666666666,0.025657894736842105,0.9999984502798362,10000,508.296875,2,2,8.433104700000058
